value,Units,Periods
400.0,COAL_1,Mon-00
233.333333333,COAL_2,Mon-00
90.0,DIESEL_1,Mon-00
87.0,DIESEL_2,Mon-00
0.0,DIESEL_3,Mon-00
0.0,DIESEL_4,Mon-00
110.0,GAS_1,Mon-00
0.0,GAS_2,Mon-00
165.0,GAS_3,Mon-00
110.666666667,GAS_4,Mon-00
400.0,COAL_1,Mon-01
233.333333333,COAL_2,Mon-01
90.0,DIESEL_1,Mon-01
87.0,DIESEL_2,Mon-01
0.0,DIESEL_3,Mon-01
0.0,DIESEL_4,Mon-01
78.0,GAS_1,Mon-01
0.0,GAS_2,Mon-01
165.0,GAS_3,Mon-01
139.666666667,GAS_4,Mon-01
400.0,COAL_1,Mon-02
291.0,COAL_2,Mon-02
90.0,DIESEL_1,Mon-02
87.0,DIESEL_2,Mon-02
0.0,DIESEL_3,Mon-02
0.0,DIESEL_4,Mon-02
0.0,GAS_1,Mon-02
0.0,GAS_2,Mon-02
165.0,GAS_3,Mon-02
158.0,GAS_4,Mon-02
400.0,COAL_1,Mon-03
293.0,COAL_2,Mon-03
90.0,DIESEL_1,Mon-03
87.0,DIESEL_2,Mon-03
0.0,DIESEL_3,Mon-03
0.0,DIESEL_4,Mon-03
0.0,GAS_1,Mon-03
0.0,GAS_2,Mon-03
165.0,GAS_3,Mon-03
158.0,GAS_4,Mon-03
400.0,COAL_1,Mon-04
307.0,COAL_2,Mon-04
90.0,DIESEL_1,Mon-04
87.0,DIESEL_2,Mon-04
0.0,DIESEL_3,Mon-04
0.0,DIESEL_4,Mon-04
0.0,GAS_1,Mon-04
0.0,GAS_2,Mon-04
165.0,GAS_3,Mon-04
158.0,GAS_4,Mon-04
400.0,COAL_1,Mon-05
343.0,COAL_2,Mon-05
90.0,DIESEL_1,Mon-05
87.0,DIESEL_2,Mon-05
0.0,DIESEL_3,Mon-05
0.0,DIESEL_4,Mon-05
0.0,GAS_1,Mon-05
0.0,GAS_2,Mon-05
165.0,GAS_3,Mon-05
158.0,GAS_4,Mon-05
400.0,COAL_1,Mon-06
393.0,COAL_2,Mon-06
90.0,DIESEL_1,Mon-06
87.0,DIESEL_2,Mon-06
0.0,DIESEL_3,Mon-06
0.0,DIESEL_4,Mon-06
0.0,GAS_1,Mon-06
0.0,GAS_2,Mon-06
165.0,GAS_3,Mon-06
158.0,GAS_4,Mon-06
400.0,COAL_1,Mon-07
437.0,COAL_2,Mon-07
90.0,DIESEL_1,Mon-07
87.0,DIESEL_2,Mon-07
0.0,DIESEL_3,Mon-07
0.0,DIESEL_4,Mon-07
0.0,GAS_1,Mon-07
0.0,GAS_2,Mon-07
165.0,GAS_3,Mon-07
158.0,GAS_4,Mon-07
400.0,COAL_1,Mon-08
483.0,COAL_2,Mon-08
90.0,DIESEL_1,Mon-08
87.0,DIESEL_2,Mon-08
0.0,DIESEL_3,Mon-08
0.0,DIESEL_4,Mon-08
0.0,GAS_1,Mon-08
0.0,GAS_2,Mon-08
165.0,GAS_3,Mon-08
158.0,GAS_4,Mon-08
400.0,COAL_1,Mon-09
511.0,COAL_2,Mon-09
90.0,DIESEL_1,Mon-09
87.0,DIESEL_2,Mon-09
0.0,DIESEL_3,Mon-09
0.0,DIESEL_4,Mon-09
0.0,GAS_1,Mon-09
0.0,GAS_2,Mon-09
165.0,GAS_3,Mon-09
158.0,GAS_4,Mon-09
400.0,COAL_1,Mon-10
530.0,COAL_2,Mon-10
90.0,DIESEL_1,Mon-10
87.0,DIESEL_2,Mon-10
0.0,DIESEL_3,Mon-10
0.0,DIESEL_4,Mon-10
0.0,GAS_1,Mon-10
0.0,GAS_2,Mon-10
165.0,GAS_3,Mon-10
158.0,GAS_4,Mon-10
400.0,COAL_1,Mon-11
540.0,COAL_2,Mon-11
90.0,DIESEL_1,Mon-11
87.0,DIESEL_2,Mon-11
0.0,DIESEL_3,Mon-11
0.0,DIESEL_4,Mon-11
0.0,GAS_1,Mon-11
0.0,GAS_2,Mon-11
165.0,GAS_3,Mon-11
158.0,GAS_4,Mon-11
400.0,COAL_1,Mon-12
533.0,COAL_2,Mon-12
90.0,DIESEL_1,Mon-12
87.0,DIESEL_2,Mon-12
0.0,DIESEL_3,Mon-12
0.0,DIESEL_4,Mon-12
0.0,GAS_1,Mon-12
0.0,GAS_2,Mon-12
165.0,GAS_3,Mon-12
158.0,GAS_4,Mon-12
400.0,COAL_1,Mon-13
537.0,COAL_2,Mon-13
90.0,DIESEL_1,Mon-13
87.0,DIESEL_2,Mon-13
0.0,DIESEL_3,Mon-13
0.0,DIESEL_4,Mon-13
0.0,GAS_1,Mon-13
0.0,GAS_2,Mon-13
165.0,GAS_3,Mon-13
158.0,GAS_4,Mon-13
400.0,COAL_1,Mon-14
537.0,COAL_2,Mon-14
90.0,DIESEL_1,Mon-14
87.0,DIESEL_2,Mon-14
0.0,DIESEL_3,Mon-14
0.0,DIESEL_4,Mon-14
0.0,GAS_1,Mon-14
0.0,GAS_2,Mon-14
165.0,GAS_3,Mon-14
158.0,GAS_4,Mon-14
400.0,COAL_1,Mon-15
531.0,COAL_2,Mon-15
90.0,DIESEL_1,Mon-15
87.0,DIESEL_2,Mon-15
0.0,DIESEL_3,Mon-15
0.0,DIESEL_4,Mon-15
0.0,GAS_1,Mon-15
0.0,GAS_2,Mon-15
165.0,GAS_3,Mon-15
158.0,GAS_4,Mon-15
400.0,COAL_1,Mon-16
514.0,COAL_2,Mon-16
90.0,DIESEL_1,Mon-16
87.0,DIESEL_2,Mon-16
0.0,DIESEL_3,Mon-16
0.0,DIESEL_4,Mon-16
0.0,GAS_1,Mon-16
0.0,GAS_2,Mon-16
165.0,GAS_3,Mon-16
158.0,GAS_4,Mon-16
400.0,COAL_1,Mon-17
489.0,COAL_2,Mon-17
90.0,DIESEL_1,Mon-17
87.0,DIESEL_2,Mon-17
0.0,DIESEL_3,Mon-17
0.0,DIESEL_4,Mon-17
0.0,GAS_1,Mon-17
0.0,GAS_2,Mon-17
165.0,GAS_3,Mon-17
158.0,GAS_4,Mon-17
400.0,COAL_1,Mon-18
463.0,COAL_2,Mon-18
90.0,DIESEL_1,Mon-18
87.0,DIESEL_2,Mon-18
0.0,DIESEL_3,Mon-18
0.0,DIESEL_4,Mon-18
0.0,GAS_1,Mon-18
0.0,GAS_2,Mon-18
165.0,GAS_3,Mon-18
158.0,GAS_4,Mon-18
400.0,COAL_1,Mon-19
450.0,COAL_2,Mon-19
90.0,DIESEL_1,Mon-19
87.0,DIESEL_2,Mon-19
0.0,DIESEL_3,Mon-19
0.0,DIESEL_4,Mon-19
0.0,GAS_1,Mon-19
0.0,GAS_2,Mon-19
165.0,GAS_3,Mon-19
158.0,GAS_4,Mon-19
400.0,COAL_1,Mon-20
457.0,COAL_2,Mon-20
90.0,DIESEL_1,Mon-20
87.0,DIESEL_2,Mon-20
0.0,DIESEL_3,Mon-20
0.0,DIESEL_4,Mon-20
0.0,GAS_1,Mon-20
0.0,GAS_2,Mon-20
165.0,GAS_3,Mon-20
158.0,GAS_4,Mon-20
400.0,COAL_1,Mon-21
469.0,COAL_2,Mon-21
72.0,DIESEL_1,Mon-21
87.0,DIESEL_2,Mon-21
0.0,DIESEL_3,Mon-21
0.0,DIESEL_4,Mon-21
0.0,GAS_1,Mon-21
0.0,GAS_2,Mon-21
165.0,GAS_3,Mon-21
158.0,GAS_4,Mon-21
400.0,COAL_1,Mon-22
471.0,COAL_2,Mon-22
48.0,DIESEL_1,Mon-22
87.0,DIESEL_2,Mon-22
0.0,DIESEL_3,Mon-22
0.0,DIESEL_4,Mon-22
0.0,GAS_1,Mon-22
0.0,GAS_2,Mon-22
165.0,GAS_3,Mon-22
158.0,GAS_4,Mon-22
400.0,COAL_1,Mon-23
472.0,COAL_2,Mon-23
24.0,DIESEL_1,Mon-23
87.0,DIESEL_2,Mon-23
0.0,DIESEL_3,Mon-23
0.0,DIESEL_4,Mon-23
0.0,GAS_1,Mon-23
0.0,GAS_2,Mon-23
165.0,GAS_3,Mon-23
158.0,GAS_4,Mon-23
400.0,COAL_1,Tue-00
479.0,COAL_2,Tue-00
0.0,DIESEL_1,Tue-00
87.0,DIESEL_2,Tue-00
0.0,DIESEL_3,Tue-00
0.0,DIESEL_4,Tue-00
0.0,GAS_1,Tue-00
0.0,GAS_2,Tue-00
165.0,GAS_3,Tue-00
158.0,GAS_4,Tue-00
400.0,COAL_1,Tue-01
467.0,COAL_2,Tue-01
0.0,DIESEL_1,Tue-01
87.0,DIESEL_2,Tue-01
0.0,DIESEL_3,Tue-01
0.0,DIESEL_4,Tue-01
0.0,GAS_1,Tue-01
0.0,GAS_2,Tue-01
165.0,GAS_3,Tue-01
158.0,GAS_4,Tue-01
400.0,COAL_1,Tue-02
454.0,COAL_2,Tue-02
0.0,DIESEL_1,Tue-02
87.0,DIESEL_2,Tue-02
0.0,DIESEL_3,Tue-02
0.0,DIESEL_4,Tue-02
0.0,GAS_1,Tue-02
0.0,GAS_2,Tue-02
165.0,GAS_3,Tue-02
158.0,GAS_4,Tue-02
400.0,COAL_1,Tue-03
445.0,COAL_2,Tue-03
0.0,DIESEL_1,Tue-03
87.0,DIESEL_2,Tue-03
0.0,DIESEL_3,Tue-03
0.0,DIESEL_4,Tue-03
0.0,GAS_1,Tue-03
0.0,GAS_2,Tue-03
165.0,GAS_3,Tue-03
158.0,GAS_4,Tue-03
400.0,COAL_1,Tue-04
447.0,COAL_2,Tue-04
0.0,DIESEL_1,Tue-04
87.0,DIESEL_2,Tue-04
0.0,DIESEL_3,Tue-04
0.0,DIESEL_4,Tue-04
0.0,GAS_1,Tue-04
0.0,GAS_2,Tue-04
165.0,GAS_3,Tue-04
158.0,GAS_4,Tue-04
400.0,COAL_1,Tue-05
475.0,COAL_2,Tue-05
0.0,DIESEL_1,Tue-05
87.0,DIESEL_2,Tue-05
0.0,DIESEL_3,Tue-05
0.0,DIESEL_4,Tue-05
0.0,GAS_1,Tue-05
0.0,GAS_2,Tue-05
165.0,GAS_3,Tue-05
158.0,GAS_4,Tue-05
400.0,COAL_1,Tue-06
518.0,COAL_2,Tue-06
0.0,DIESEL_1,Tue-06
87.0,DIESEL_2,Tue-06
0.0,DIESEL_3,Tue-06
0.0,DIESEL_4,Tue-06
0.0,GAS_1,Tue-06
0.0,GAS_2,Tue-06
165.0,GAS_3,Tue-06
158.0,GAS_4,Tue-06
400.0,COAL_1,Tue-07
551.0,COAL_2,Tue-07
0.0,DIESEL_1,Tue-07
87.0,DIESEL_2,Tue-07
0.0,DIESEL_3,Tue-07
0.0,DIESEL_4,Tue-07
0.0,GAS_1,Tue-07
0.0,GAS_2,Tue-07
165.0,GAS_3,Tue-07
158.0,GAS_4,Tue-07
400.0,COAL_1,Tue-08
584.0,COAL_2,Tue-08
0.0,DIESEL_1,Tue-08
87.0,DIESEL_2,Tue-08
0.0,DIESEL_3,Tue-08
0.0,DIESEL_4,Tue-08
0.0,GAS_1,Tue-08
0.0,GAS_2,Tue-08
165.0,GAS_3,Tue-08
158.0,GAS_4,Tue-08
400.0,COAL_1,Tue-09
600.0,COAL_2,Tue-09
0.0,DIESEL_1,Tue-09
87.0,DIESEL_2,Tue-09
0.0,DIESEL_3,Tue-09
7.0,DIESEL_4,Tue-09
0.0,GAS_1,Tue-09
0.0,GAS_2,Tue-09
165.0,GAS_3,Tue-09
158.0,GAS_4,Tue-09
400.0,COAL_1,Tue-10
574.0,COAL_2,Tue-10
0.0,DIESEL_1,Tue-10
87.0,DIESEL_2,Tue-10
0.0,DIESEL_3,Tue-10
0.0,DIESEL_4,Tue-10
0.0,GAS_1,Tue-10
52.0,GAS_2,Tue-10
165.0,GAS_3,Tue-10
158.0,GAS_4,Tue-10
400.0,COAL_1,Tue-11
578.0,COAL_2,Tue-11
0.0,DIESEL_1,Tue-11
87.0,DIESEL_2,Tue-11
0.0,DIESEL_3,Tue-11
0.0,DIESEL_4,Tue-11
0.0,GAS_1,Tue-11
52.0,GAS_2,Tue-11
165.0,GAS_3,Tue-11
158.0,GAS_4,Tue-11
400.0,COAL_1,Tue-12
570.0,COAL_2,Tue-12
0.0,DIESEL_1,Tue-12
87.0,DIESEL_2,Tue-12
0.0,DIESEL_3,Tue-12
0.0,DIESEL_4,Tue-12
0.0,GAS_1,Tue-12
52.0,GAS_2,Tue-12
165.0,GAS_3,Tue-12
158.0,GAS_4,Tue-12
400.0,COAL_1,Tue-13
572.0,COAL_2,Tue-13
0.0,DIESEL_1,Tue-13
87.0,DIESEL_2,Tue-13
0.0,DIESEL_3,Tue-13
0.0,DIESEL_4,Tue-13
0.0,GAS_1,Tue-13
52.0,GAS_2,Tue-13
165.0,GAS_3,Tue-13
158.0,GAS_4,Tue-13
400.0,COAL_1,Tue-14
570.0,COAL_2,Tue-14
0.0,DIESEL_1,Tue-14
87.0,DIESEL_2,Tue-14
0.0,DIESEL_3,Tue-14
0.0,DIESEL_4,Tue-14
0.0,GAS_1,Tue-14
52.0,GAS_2,Tue-14
165.0,GAS_3,Tue-14
158.0,GAS_4,Tue-14
400.0,COAL_1,Tue-15
600.0,COAL_2,Tue-15
0.0,DIESEL_1,Tue-15
87.0,DIESEL_2,Tue-15
0.0,DIESEL_3,Tue-15
12.0,DIESEL_4,Tue-15
0.0,GAS_1,Tue-15
0.0,GAS_2,Tue-15
165.0,GAS_3,Tue-15
158.0,GAS_4,Tue-15
400.0,COAL_1,Tue-16
597.0,COAL_2,Tue-16
0.0,DIESEL_1,Tue-16
87.0,DIESEL_2,Tue-16
0.0,DIESEL_3,Tue-16
0.0,DIESEL_4,Tue-16
0.0,GAS_1,Tue-16
0.0,GAS_2,Tue-16
165.0,GAS_3,Tue-16
158.0,GAS_4,Tue-16
400.0,COAL_1,Tue-17
576.0,COAL_2,Tue-17
0.0,DIESEL_1,Tue-17
87.0,DIESEL_2,Tue-17
0.0,DIESEL_3,Tue-17
0.0,DIESEL_4,Tue-17
0.0,GAS_1,Tue-17
0.0,GAS_2,Tue-17
165.0,GAS_3,Tue-17
158.0,GAS_4,Tue-17
400.0,COAL_1,Tue-18
554.0,COAL_2,Tue-18
0.0,DIESEL_1,Tue-18
87.0,DIESEL_2,Tue-18
0.0,DIESEL_3,Tue-18
0.0,DIESEL_4,Tue-18
0.0,GAS_1,Tue-18
0.0,GAS_2,Tue-18
165.0,GAS_3,Tue-18
158.0,GAS_4,Tue-18
400.0,COAL_1,Tue-19
544.0,COAL_2,Tue-19
0.0,DIESEL_1,Tue-19
87.0,DIESEL_2,Tue-19
0.0,DIESEL_3,Tue-19
0.0,DIESEL_4,Tue-19
0.0,GAS_1,Tue-19
0.0,GAS_2,Tue-19
165.0,GAS_3,Tue-19
158.0,GAS_4,Tue-19
400.0,COAL_1,Tue-20
552.0,COAL_2,Tue-20
0.0,DIESEL_1,Tue-20
87.0,DIESEL_2,Tue-20
0.0,DIESEL_3,Tue-20
0.0,DIESEL_4,Tue-20
0.0,GAS_1,Tue-20
0.0,GAS_2,Tue-20
165.0,GAS_3,Tue-20
158.0,GAS_4,Tue-20
400.0,COAL_1,Tue-21
546.0,COAL_2,Tue-21
0.0,DIESEL_1,Tue-21
87.0,DIESEL_2,Tue-21
0.0,DIESEL_3,Tue-21
0.0,DIESEL_4,Tue-21
0.0,GAS_1,Tue-21
0.0,GAS_2,Tue-21
165.0,GAS_3,Tue-21
158.0,GAS_4,Tue-21
400.0,COAL_1,Tue-22
524.0,COAL_2,Tue-22
0.0,DIESEL_1,Tue-22
87.0,DIESEL_2,Tue-22
0.0,DIESEL_3,Tue-22
0.0,DIESEL_4,Tue-22
0.0,GAS_1,Tue-22
0.0,GAS_2,Tue-22
165.0,GAS_3,Tue-22
158.0,GAS_4,Tue-22
400.0,COAL_1,Tue-23
500.0,COAL_2,Tue-23
0.0,DIESEL_1,Tue-23
87.0,DIESEL_2,Tue-23
0.0,DIESEL_3,Tue-23
0.0,DIESEL_4,Tue-23
0.0,GAS_1,Tue-23
0.0,GAS_2,Tue-23
165.0,GAS_3,Tue-23
158.0,GAS_4,Tue-23
400.0,COAL_1,Wed-00
439.0,COAL_2,Wed-00
40.0,DIESEL_1,Wed-00
87.0,DIESEL_2,Wed-00
0.0,DIESEL_3,Wed-00
0.0,DIESEL_4,Wed-00
0.0,GAS_1,Wed-00
0.0,GAS_2,Wed-00
165.0,GAS_3,Wed-00
158.0,GAS_4,Wed-00
400.0,COAL_1,Wed-01
386.0,COAL_2,Wed-01
80.0,DIESEL_1,Wed-01
87.0,DIESEL_2,Wed-01
0.0,DIESEL_3,Wed-01
0.0,DIESEL_4,Wed-01
0.0,GAS_1,Wed-01
0.0,GAS_2,Wed-01
165.0,GAS_3,Wed-01
158.0,GAS_4,Wed-01
400.0,COAL_1,Wed-02
364.0,COAL_2,Wed-02
90.0,DIESEL_1,Wed-02
87.0,DIESEL_2,Wed-02
0.0,DIESEL_3,Wed-02
0.0,DIESEL_4,Wed-02
0.0,GAS_1,Wed-02
0.0,GAS_2,Wed-02
165.0,GAS_3,Wed-02
158.0,GAS_4,Wed-02
400.0,COAL_1,Wed-03
354.0,COAL_2,Wed-03
90.0,DIESEL_1,Wed-03
87.0,DIESEL_2,Wed-03
0.0,DIESEL_3,Wed-03
0.0,DIESEL_4,Wed-03
0.0,GAS_1,Wed-03
0.0,GAS_2,Wed-03
165.0,GAS_3,Wed-03
158.0,GAS_4,Wed-03
400.0,COAL_1,Wed-04
356.0,COAL_2,Wed-04
90.0,DIESEL_1,Wed-04
87.0,DIESEL_2,Wed-04
0.0,DIESEL_3,Wed-04
0.0,DIESEL_4,Wed-04
0.0,GAS_1,Wed-04
0.0,GAS_2,Wed-04
165.0,GAS_3,Wed-04
158.0,GAS_4,Wed-04
400.0,COAL_1,Wed-05
385.0,COAL_2,Wed-05
90.0,DIESEL_1,Wed-05
87.0,DIESEL_2,Wed-05
0.0,DIESEL_3,Wed-05
0.0,DIESEL_4,Wed-05
0.0,GAS_1,Wed-05
0.0,GAS_2,Wed-05
165.0,GAS_3,Wed-05
158.0,GAS_4,Wed-05
400.0,COAL_1,Wed-06
427.0,COAL_2,Wed-06
90.0,DIESEL_1,Wed-06
87.0,DIESEL_2,Wed-06
0.0,DIESEL_3,Wed-06
0.0,DIESEL_4,Wed-06
0.0,GAS_1,Wed-06
0.0,GAS_2,Wed-06
165.0,GAS_3,Wed-06
158.0,GAS_4,Wed-06
400.0,COAL_1,Wed-07
460.0,COAL_2,Wed-07
90.0,DIESEL_1,Wed-07
87.0,DIESEL_2,Wed-07
0.0,DIESEL_3,Wed-07
0.0,DIESEL_4,Wed-07
0.0,GAS_1,Wed-07
0.0,GAS_2,Wed-07
165.0,GAS_3,Wed-07
158.0,GAS_4,Wed-07
400.0,COAL_1,Wed-08
494.0,COAL_2,Wed-08
90.0,DIESEL_1,Wed-08
87.0,DIESEL_2,Wed-08
0.0,DIESEL_3,Wed-08
0.0,DIESEL_4,Wed-08
0.0,GAS_1,Wed-08
0.0,GAS_2,Wed-08
165.0,GAS_3,Wed-08
158.0,GAS_4,Wed-08
400.0,COAL_1,Wed-09
517.0,COAL_2,Wed-09
90.0,DIESEL_1,Wed-09
87.0,DIESEL_2,Wed-09
0.0,DIESEL_3,Wed-09
0.0,DIESEL_4,Wed-09
0.0,GAS_1,Wed-09
0.0,GAS_2,Wed-09
165.0,GAS_3,Wed-09
158.0,GAS_4,Wed-09
400.0,COAL_1,Wed-10
536.0,COAL_2,Wed-10
90.0,DIESEL_1,Wed-10
87.0,DIESEL_2,Wed-10
0.0,DIESEL_3,Wed-10
0.0,DIESEL_4,Wed-10
0.0,GAS_1,Wed-10
0.0,GAS_2,Wed-10
165.0,GAS_3,Wed-10
158.0,GAS_4,Wed-10
400.0,COAL_1,Wed-11
541.0,COAL_2,Wed-11
90.0,DIESEL_1,Wed-11
87.0,DIESEL_2,Wed-11
0.0,DIESEL_3,Wed-11
0.0,DIESEL_4,Wed-11
0.0,GAS_1,Wed-11
0.0,GAS_2,Wed-11
165.0,GAS_3,Wed-11
158.0,GAS_4,Wed-11
400.0,COAL_1,Wed-12
533.0,COAL_2,Wed-12
90.0,DIESEL_1,Wed-12
87.0,DIESEL_2,Wed-12
0.0,DIESEL_3,Wed-12
0.0,DIESEL_4,Wed-12
0.0,GAS_1,Wed-12
0.0,GAS_2,Wed-12
165.0,GAS_3,Wed-12
158.0,GAS_4,Wed-12
400.0,COAL_1,Wed-13
535.0,COAL_2,Wed-13
90.0,DIESEL_1,Wed-13
87.0,DIESEL_2,Wed-13
0.0,DIESEL_3,Wed-13
0.0,DIESEL_4,Wed-13
0.0,GAS_1,Wed-13
0.0,GAS_2,Wed-13
165.0,GAS_3,Wed-13
158.0,GAS_4,Wed-13
400.0,COAL_1,Wed-14
533.0,COAL_2,Wed-14
90.0,DIESEL_1,Wed-14
87.0,DIESEL_2,Wed-14
0.0,DIESEL_3,Wed-14
0.0,DIESEL_4,Wed-14
0.0,GAS_1,Wed-14
0.0,GAS_2,Wed-14
165.0,GAS_3,Wed-14
158.0,GAS_4,Wed-14
400.0,COAL_1,Wed-15
523.0,COAL_2,Wed-15
90.0,DIESEL_1,Wed-15
87.0,DIESEL_2,Wed-15
0.0,DIESEL_3,Wed-15
0.0,DIESEL_4,Wed-15
0.0,GAS_1,Wed-15
0.0,GAS_2,Wed-15
165.0,GAS_3,Wed-15
158.0,GAS_4,Wed-15
400.0,COAL_1,Wed-16
508.0,COAL_2,Wed-16
90.0,DIESEL_1,Wed-16
87.0,DIESEL_2,Wed-16
0.0,DIESEL_3,Wed-16
0.0,DIESEL_4,Wed-16
0.0,GAS_1,Wed-16
0.0,GAS_2,Wed-16
165.0,GAS_3,Wed-16
158.0,GAS_4,Wed-16
400.0,COAL_1,Wed-17
488.0,COAL_2,Wed-17
90.0,DIESEL_1,Wed-17
87.0,DIESEL_2,Wed-17
0.0,DIESEL_3,Wed-17
0.0,DIESEL_4,Wed-17
0.0,GAS_1,Wed-17
0.0,GAS_2,Wed-17
165.0,GAS_3,Wed-17
158.0,GAS_4,Wed-17
400.0,COAL_1,Wed-18
465.0,COAL_2,Wed-18
90.0,DIESEL_1,Wed-18
87.0,DIESEL_2,Wed-18
0.0,DIESEL_3,Wed-18
0.0,DIESEL_4,Wed-18
0.0,GAS_1,Wed-18
0.0,GAS_2,Wed-18
165.0,GAS_3,Wed-18
158.0,GAS_4,Wed-18
400.0,COAL_1,Wed-19
455.0,COAL_2,Wed-19
90.0,DIESEL_1,Wed-19
87.0,DIESEL_2,Wed-19
0.0,DIESEL_3,Wed-19
0.0,DIESEL_4,Wed-19
0.0,GAS_1,Wed-19
0.0,GAS_2,Wed-19
165.0,GAS_3,Wed-19
158.0,GAS_4,Wed-19
400.0,COAL_1,Wed-20
463.0,COAL_2,Wed-20
90.0,DIESEL_1,Wed-20
87.0,DIESEL_2,Wed-20
0.0,DIESEL_3,Wed-20
0.0,DIESEL_4,Wed-20
0.0,GAS_1,Wed-20
0.0,GAS_2,Wed-20
165.0,GAS_3,Wed-20
158.0,GAS_4,Wed-20
400.0,COAL_1,Wed-21
457.0,COAL_2,Wed-21
90.0,DIESEL_1,Wed-21
87.0,DIESEL_2,Wed-21
0.0,DIESEL_3,Wed-21
0.0,DIESEL_4,Wed-21
0.0,GAS_1,Wed-21
0.0,GAS_2,Wed-21
165.0,GAS_3,Wed-21
158.0,GAS_4,Wed-21
400.0,COAL_1,Wed-22
435.0,COAL_2,Wed-22
90.0,DIESEL_1,Wed-22
87.0,DIESEL_2,Wed-22
0.0,DIESEL_3,Wed-22
0.0,DIESEL_4,Wed-22
0.0,GAS_1,Wed-22
0.0,GAS_2,Wed-22
165.0,GAS_3,Wed-22
158.0,GAS_4,Wed-22
400.0,COAL_1,Wed-23
411.0,COAL_2,Wed-23
90.0,DIESEL_1,Wed-23
87.0,DIESEL_2,Wed-23
0.0,DIESEL_3,Wed-23
0.0,DIESEL_4,Wed-23
0.0,GAS_1,Wed-23
0.0,GAS_2,Wed-23
165.0,GAS_3,Wed-23
158.0,GAS_4,Wed-23
400.0,COAL_1,Thu-00
389.0,COAL_2,Thu-00
90.0,DIESEL_1,Thu-00
87.0,DIESEL_2,Thu-00
0.0,DIESEL_3,Thu-00
0.0,DIESEL_4,Thu-00
0.0,GAS_1,Thu-00
0.0,GAS_2,Thu-00
165.0,GAS_3,Thu-00
158.0,GAS_4,Thu-00
400.0,COAL_1,Thu-01
377.0,COAL_2,Thu-01
90.0,DIESEL_1,Thu-01
87.0,DIESEL_2,Thu-01
0.0,DIESEL_3,Thu-01
0.0,DIESEL_4,Thu-01
0.0,GAS_1,Thu-01
0.0,GAS_2,Thu-01
165.0,GAS_3,Thu-01
158.0,GAS_4,Thu-01
400.0,COAL_1,Thu-02
365.0,COAL_2,Thu-02
90.0,DIESEL_1,Thu-02
87.0,DIESEL_2,Thu-02
0.0,DIESEL_3,Thu-02
0.0,DIESEL_4,Thu-02
0.0,GAS_1,Thu-02
0.0,GAS_2,Thu-02
165.0,GAS_3,Thu-02
158.0,GAS_4,Thu-02
400.0,COAL_1,Thu-03
355.0,COAL_2,Thu-03
90.0,DIESEL_1,Thu-03
87.0,DIESEL_2,Thu-03
0.0,DIESEL_3,Thu-03
0.0,DIESEL_4,Thu-03
0.0,GAS_1,Thu-03
0.0,GAS_2,Thu-03
165.0,GAS_3,Thu-03
158.0,GAS_4,Thu-03
400.0,COAL_1,Thu-04
358.0,COAL_2,Thu-04
90.0,DIESEL_1,Thu-04
87.0,DIESEL_2,Thu-04
0.0,DIESEL_3,Thu-04
0.0,DIESEL_4,Thu-04
0.0,GAS_1,Thu-04
0.0,GAS_2,Thu-04
165.0,GAS_3,Thu-04
158.0,GAS_4,Thu-04
400.0,COAL_1,Thu-05
386.0,COAL_2,Thu-05
90.0,DIESEL_1,Thu-05
87.0,DIESEL_2,Thu-05
0.0,DIESEL_3,Thu-05
0.0,DIESEL_4,Thu-05
0.0,GAS_1,Thu-05
0.0,GAS_2,Thu-05
165.0,GAS_3,Thu-05
158.0,GAS_4,Thu-05
400.0,COAL_1,Thu-06
429.0,COAL_2,Thu-06
90.0,DIESEL_1,Thu-06
87.0,DIESEL_2,Thu-06
0.0,DIESEL_3,Thu-06
0.0,DIESEL_4,Thu-06
0.0,GAS_1,Thu-06
0.0,GAS_2,Thu-06
165.0,GAS_3,Thu-06
158.0,GAS_4,Thu-06
400.0,COAL_1,Thu-07
462.0,COAL_2,Thu-07
90.0,DIESEL_1,Thu-07
87.0,DIESEL_2,Thu-07
0.0,DIESEL_3,Thu-07
0.0,DIESEL_4,Thu-07
0.0,GAS_1,Thu-07
0.0,GAS_2,Thu-07
165.0,GAS_3,Thu-07
158.0,GAS_4,Thu-07
400.0,COAL_1,Thu-08
496.0,COAL_2,Thu-08
90.0,DIESEL_1,Thu-08
87.0,DIESEL_2,Thu-08
0.0,DIESEL_3,Thu-08
0.0,DIESEL_4,Thu-08
0.0,GAS_1,Thu-08
0.0,GAS_2,Thu-08
165.0,GAS_3,Thu-08
158.0,GAS_4,Thu-08
400.0,COAL_1,Thu-09
520.0,COAL_2,Thu-09
90.0,DIESEL_1,Thu-09
87.0,DIESEL_2,Thu-09
0.0,DIESEL_3,Thu-09
0.0,DIESEL_4,Thu-09
0.0,GAS_1,Thu-09
0.0,GAS_2,Thu-09
165.0,GAS_3,Thu-09
158.0,GAS_4,Thu-09
400.0,COAL_1,Thu-10
539.0,COAL_2,Thu-10
90.0,DIESEL_1,Thu-10
87.0,DIESEL_2,Thu-10
0.0,DIESEL_3,Thu-10
0.0,DIESEL_4,Thu-10
0.0,GAS_1,Thu-10
0.0,GAS_2,Thu-10
165.0,GAS_3,Thu-10
158.0,GAS_4,Thu-10
400.0,COAL_1,Thu-11
543.0,COAL_2,Thu-11
90.0,DIESEL_1,Thu-11
87.0,DIESEL_2,Thu-11
0.0,DIESEL_3,Thu-11
0.0,DIESEL_4,Thu-11
0.0,GAS_1,Thu-11
0.0,GAS_2,Thu-11
165.0,GAS_3,Thu-11
158.0,GAS_4,Thu-11
400.0,COAL_1,Thu-12
535.0,COAL_2,Thu-12
90.0,DIESEL_1,Thu-12
87.0,DIESEL_2,Thu-12
0.0,DIESEL_3,Thu-12
0.0,DIESEL_4,Thu-12
0.0,GAS_1,Thu-12
0.0,GAS_2,Thu-12
165.0,GAS_3,Thu-12
158.0,GAS_4,Thu-12
400.0,COAL_1,Thu-13
537.0,COAL_2,Thu-13
90.0,DIESEL_1,Thu-13
87.0,DIESEL_2,Thu-13
0.0,DIESEL_3,Thu-13
0.0,DIESEL_4,Thu-13
0.0,GAS_1,Thu-13
0.0,GAS_2,Thu-13
165.0,GAS_3,Thu-13
158.0,GAS_4,Thu-13
400.0,COAL_1,Thu-14
535.0,COAL_2,Thu-14
90.0,DIESEL_1,Thu-14
87.0,DIESEL_2,Thu-14
0.0,DIESEL_3,Thu-14
0.0,DIESEL_4,Thu-14
0.0,GAS_1,Thu-14
0.0,GAS_2,Thu-14
165.0,GAS_3,Thu-14
158.0,GAS_4,Thu-14
400.0,COAL_1,Thu-15
525.0,COAL_2,Thu-15
90.0,DIESEL_1,Thu-15
87.0,DIESEL_2,Thu-15
0.0,DIESEL_3,Thu-15
0.0,DIESEL_4,Thu-15
0.0,GAS_1,Thu-15
0.0,GAS_2,Thu-15
165.0,GAS_3,Thu-15
158.0,GAS_4,Thu-15
400.0,COAL_1,Thu-16
510.0,COAL_2,Thu-16
90.0,DIESEL_1,Thu-16
87.0,DIESEL_2,Thu-16
0.0,DIESEL_3,Thu-16
0.0,DIESEL_4,Thu-16
0.0,GAS_1,Thu-16
0.0,GAS_2,Thu-16
165.0,GAS_3,Thu-16
158.0,GAS_4,Thu-16
400.0,COAL_1,Thu-17
489.0,COAL_2,Thu-17
90.0,DIESEL_1,Thu-17
87.0,DIESEL_2,Thu-17
0.0,DIESEL_3,Thu-17
0.0,DIESEL_4,Thu-17
0.0,GAS_1,Thu-17
0.0,GAS_2,Thu-17
165.0,GAS_3,Thu-17
158.0,GAS_4,Thu-17
400.0,COAL_1,Thu-18
467.0,COAL_2,Thu-18
90.0,DIESEL_1,Thu-18
87.0,DIESEL_2,Thu-18
0.0,DIESEL_3,Thu-18
0.0,DIESEL_4,Thu-18
0.0,GAS_1,Thu-18
0.0,GAS_2,Thu-18
165.0,GAS_3,Thu-18
158.0,GAS_4,Thu-18
400.0,COAL_1,Thu-19
456.0,COAL_2,Thu-19
90.0,DIESEL_1,Thu-19
87.0,DIESEL_2,Thu-19
0.0,DIESEL_3,Thu-19
0.0,DIESEL_4,Thu-19
0.0,GAS_1,Thu-19
0.0,GAS_2,Thu-19
165.0,GAS_3,Thu-19
158.0,GAS_4,Thu-19
400.0,COAL_1,Thu-20
464.0,COAL_2,Thu-20
90.0,DIESEL_1,Thu-20
87.0,DIESEL_2,Thu-20
0.0,DIESEL_3,Thu-20
0.0,DIESEL_4,Thu-20
0.0,GAS_1,Thu-20
0.0,GAS_2,Thu-20
165.0,GAS_3,Thu-20
158.0,GAS_4,Thu-20
400.0,COAL_1,Thu-21
459.0,COAL_2,Thu-21
90.0,DIESEL_1,Thu-21
87.0,DIESEL_2,Thu-21
0.0,DIESEL_3,Thu-21
0.0,DIESEL_4,Thu-21
0.0,GAS_1,Thu-21
0.0,GAS_2,Thu-21
165.0,GAS_3,Thu-21
158.0,GAS_4,Thu-21
400.0,COAL_1,Thu-22
436.0,COAL_2,Thu-22
90.0,DIESEL_1,Thu-22
87.0,DIESEL_2,Thu-22
0.0,DIESEL_3,Thu-22
0.0,DIESEL_4,Thu-22
0.0,GAS_1,Thu-22
0.0,GAS_2,Thu-22
165.0,GAS_3,Thu-22
158.0,GAS_4,Thu-22
400.0,COAL_1,Thu-23
413.0,COAL_2,Thu-23
90.0,DIESEL_1,Thu-23
87.0,DIESEL_2,Thu-23
0.0,DIESEL_3,Thu-23
0.0,DIESEL_4,Thu-23
0.0,GAS_1,Thu-23
0.0,GAS_2,Thu-23
165.0,GAS_3,Thu-23
158.0,GAS_4,Thu-23
400.0,COAL_1,Fri-00
395.0,COAL_2,Fri-00
90.0,DIESEL_1,Fri-00
87.0,DIESEL_2,Fri-00
0.0,DIESEL_3,Fri-00
0.0,DIESEL_4,Fri-00
0.0,GAS_1,Fri-00
0.0,GAS_2,Fri-00
165.0,GAS_3,Fri-00
158.0,GAS_4,Fri-00
400.0,COAL_1,Fri-01
381.0,COAL_2,Fri-01
90.0,DIESEL_1,Fri-01
87.0,DIESEL_2,Fri-01
0.0,DIESEL_3,Fri-01
0.0,DIESEL_4,Fri-01
0.0,GAS_1,Fri-01
0.0,GAS_2,Fri-01
165.0,GAS_3,Fri-01
158.0,GAS_4,Fri-01
400.0,COAL_1,Fri-02
369.0,COAL_2,Fri-02
90.0,DIESEL_1,Fri-02
87.0,DIESEL_2,Fri-02
0.0,DIESEL_3,Fri-02
0.0,DIESEL_4,Fri-02
0.0,GAS_1,Fri-02
0.0,GAS_2,Fri-02
165.0,GAS_3,Fri-02
158.0,GAS_4,Fri-02
400.0,COAL_1,Fri-03
364.0,COAL_2,Fri-03
90.0,DIESEL_1,Fri-03
87.0,DIESEL_2,Fri-03
0.0,DIESEL_3,Fri-03
0.0,DIESEL_4,Fri-03
0.0,GAS_1,Fri-03
0.0,GAS_2,Fri-03
165.0,GAS_3,Fri-03
158.0,GAS_4,Fri-03
400.0,COAL_1,Fri-04
369.0,COAL_2,Fri-04
90.0,DIESEL_1,Fri-04
87.0,DIESEL_2,Fri-04
0.0,DIESEL_3,Fri-04
0.0,DIESEL_4,Fri-04
0.0,GAS_1,Fri-04
0.0,GAS_2,Fri-04
165.0,GAS_3,Fri-04
158.0,GAS_4,Fri-04
400.0,COAL_1,Fri-05
394.0,COAL_2,Fri-05
90.0,DIESEL_1,Fri-05
87.0,DIESEL_2,Fri-05
0.0,DIESEL_3,Fri-05
0.0,DIESEL_4,Fri-05
0.0,GAS_1,Fri-05
0.0,GAS_2,Fri-05
165.0,GAS_3,Fri-05
158.0,GAS_4,Fri-05
400.0,COAL_1,Fri-06
438.0,COAL_2,Fri-06
90.0,DIESEL_1,Fri-06
87.0,DIESEL_2,Fri-06
0.0,DIESEL_3,Fri-06
0.0,DIESEL_4,Fri-06
0.0,GAS_1,Fri-06
0.0,GAS_2,Fri-06
165.0,GAS_3,Fri-06
158.0,GAS_4,Fri-06
400.0,COAL_1,Fri-07
468.0,COAL_2,Fri-07
90.0,DIESEL_1,Fri-07
87.0,DIESEL_2,Fri-07
0.0,DIESEL_3,Fri-07
0.0,DIESEL_4,Fri-07
0.0,GAS_1,Fri-07
0.0,GAS_2,Fri-07
165.0,GAS_3,Fri-07
158.0,GAS_4,Fri-07
400.0,COAL_1,Fri-08
502.0,COAL_2,Fri-08
90.0,DIESEL_1,Fri-08
87.0,DIESEL_2,Fri-08
0.0,DIESEL_3,Fri-08
0.0,DIESEL_4,Fri-08
0.0,GAS_1,Fri-08
0.0,GAS_2,Fri-08
165.0,GAS_3,Fri-08
158.0,GAS_4,Fri-08
400.0,COAL_1,Fri-09
527.0,COAL_2,Fri-09
90.0,DIESEL_1,Fri-09
87.0,DIESEL_2,Fri-09
0.0,DIESEL_3,Fri-09
0.0,DIESEL_4,Fri-09
0.0,GAS_1,Fri-09
0.0,GAS_2,Fri-09
165.0,GAS_3,Fri-09
158.0,GAS_4,Fri-09
400.0,COAL_1,Fri-10
546.0,COAL_2,Fri-10
90.0,DIESEL_1,Fri-10
87.0,DIESEL_2,Fri-10
0.0,DIESEL_3,Fri-10
0.0,DIESEL_4,Fri-10
0.0,GAS_1,Fri-10
0.0,GAS_2,Fri-10
165.0,GAS_3,Fri-10
158.0,GAS_4,Fri-10
400.0,COAL_1,Fri-11
548.0,COAL_2,Fri-11
90.0,DIESEL_1,Fri-11
87.0,DIESEL_2,Fri-11
0.0,DIESEL_3,Fri-11
0.0,DIESEL_4,Fri-11
0.0,GAS_1,Fri-11
0.0,GAS_2,Fri-11
165.0,GAS_3,Fri-11
158.0,GAS_4,Fri-11
400.0,COAL_1,Fri-12
537.0,COAL_2,Fri-12
90.0,DIESEL_1,Fri-12
87.0,DIESEL_2,Fri-12
0.0,DIESEL_3,Fri-12
0.0,DIESEL_4,Fri-12
0.0,GAS_1,Fri-12
0.0,GAS_2,Fri-12
165.0,GAS_3,Fri-12
158.0,GAS_4,Fri-12
400.0,COAL_1,Fri-13
539.0,COAL_2,Fri-13
90.0,DIESEL_1,Fri-13
87.0,DIESEL_2,Fri-13
0.0,DIESEL_3,Fri-13
0.0,DIESEL_4,Fri-13
0.0,GAS_1,Fri-13
0.0,GAS_2,Fri-13
165.0,GAS_3,Fri-13
158.0,GAS_4,Fri-13
400.0,COAL_1,Fri-14
534.0,COAL_2,Fri-14
90.0,DIESEL_1,Fri-14
87.0,DIESEL_2,Fri-14
0.0,DIESEL_3,Fri-14
0.0,DIESEL_4,Fri-14
0.0,GAS_1,Fri-14
0.0,GAS_2,Fri-14
165.0,GAS_3,Fri-14
158.0,GAS_4,Fri-14
400.0,COAL_1,Fri-15
522.0,COAL_2,Fri-15
90.0,DIESEL_1,Fri-15
87.0,DIESEL_2,Fri-15
0.0,DIESEL_3,Fri-15
0.0,DIESEL_4,Fri-15
0.0,GAS_1,Fri-15
0.0,GAS_2,Fri-15
165.0,GAS_3,Fri-15
158.0,GAS_4,Fri-15
400.0,COAL_1,Fri-16
511.0,COAL_2,Fri-16
90.0,DIESEL_1,Fri-16
87.0,DIESEL_2,Fri-16
0.0,DIESEL_3,Fri-16
0.0,DIESEL_4,Fri-16
0.0,GAS_1,Fri-16
0.0,GAS_2,Fri-16
165.0,GAS_3,Fri-16
158.0,GAS_4,Fri-16
400.0,COAL_1,Fri-17
485.0,COAL_2,Fri-17
90.0,DIESEL_1,Fri-17
87.0,DIESEL_2,Fri-17
0.0,DIESEL_3,Fri-17
0.0,DIESEL_4,Fri-17
0.0,GAS_1,Fri-17
0.0,GAS_2,Fri-17
165.0,GAS_3,Fri-17
158.0,GAS_4,Fri-17
400.0,COAL_1,Fri-18
458.0,COAL_2,Fri-18
90.0,DIESEL_1,Fri-18
87.0,DIESEL_2,Fri-18
0.0,DIESEL_3,Fri-18
0.0,DIESEL_4,Fri-18
0.0,GAS_1,Fri-18
0.0,GAS_2,Fri-18
165.0,GAS_3,Fri-18
158.0,GAS_4,Fri-18
400.0,COAL_1,Fri-19
440.0,COAL_2,Fri-19
90.0,DIESEL_1,Fri-19
87.0,DIESEL_2,Fri-19
0.0,DIESEL_3,Fri-19
0.0,DIESEL_4,Fri-19
0.0,GAS_1,Fri-19
0.0,GAS_2,Fri-19
165.0,GAS_3,Fri-19
158.0,GAS_4,Fri-19
400.0,COAL_1,Fri-20
445.0,COAL_2,Fri-20
90.0,DIESEL_1,Fri-20
87.0,DIESEL_2,Fri-20
0.0,DIESEL_3,Fri-20
0.0,DIESEL_4,Fri-20
0.0,GAS_1,Fri-20
0.0,GAS_2,Fri-20
165.0,GAS_3,Fri-20
158.0,GAS_4,Fri-20
400.0,COAL_1,Fri-21
433.0,COAL_2,Fri-21
90.0,DIESEL_1,Fri-21
87.0,DIESEL_2,Fri-21
0.0,DIESEL_3,Fri-21
0.0,DIESEL_4,Fri-21
0.0,GAS_1,Fri-21
0.0,GAS_2,Fri-21
165.0,GAS_3,Fri-21
158.0,GAS_4,Fri-21
400.0,COAL_1,Fri-22
407.0,COAL_2,Fri-22
90.0,DIESEL_1,Fri-22
87.0,DIESEL_2,Fri-22
0.0,DIESEL_3,Fri-22
0.0,DIESEL_4,Fri-22
0.0,GAS_1,Fri-22
0.0,GAS_2,Fri-22
165.0,GAS_3,Fri-22
158.0,GAS_4,Fri-22
400.0,COAL_1,Fri-23
382.0,COAL_2,Fri-23
90.0,DIESEL_1,Fri-23
87.0,DIESEL_2,Fri-23
0.0,DIESEL_3,Fri-23
0.0,DIESEL_4,Fri-23
0.0,GAS_1,Fri-23
0.0,GAS_2,Fri-23
165.0,GAS_3,Fri-23
158.0,GAS_4,Fri-23
400.0,COAL_1,Sat-00
359.0,COAL_2,Sat-00
90.0,DIESEL_1,Sat-00
87.0,DIESEL_2,Sat-00
0.0,DIESEL_3,Sat-00
0.0,DIESEL_4,Sat-00
0.0,GAS_1,Sat-00
0.0,GAS_2,Sat-00
165.0,GAS_3,Sat-00
158.0,GAS_4,Sat-00
400.0,COAL_1,Sat-01
345.0,COAL_2,Sat-01
90.0,DIESEL_1,Sat-01
87.0,DIESEL_2,Sat-01
0.0,DIESEL_3,Sat-01
0.0,DIESEL_4,Sat-01
0.0,GAS_1,Sat-01
0.0,GAS_2,Sat-01
165.0,GAS_3,Sat-01
158.0,GAS_4,Sat-01
400.0,COAL_1,Sat-02
331.0,COAL_2,Sat-02
90.0,DIESEL_1,Sat-02
87.0,DIESEL_2,Sat-02
0.0,DIESEL_3,Sat-02
0.0,DIESEL_4,Sat-02
0.0,GAS_1,Sat-02
0.0,GAS_2,Sat-02
165.0,GAS_3,Sat-02
158.0,GAS_4,Sat-02
400.0,COAL_1,Sat-03
321.0,COAL_2,Sat-03
90.0,DIESEL_1,Sat-03
87.0,DIESEL_2,Sat-03
0.0,DIESEL_3,Sat-03
0.0,DIESEL_4,Sat-03
0.0,GAS_1,Sat-03
0.0,GAS_2,Sat-03
165.0,GAS_3,Sat-03
158.0,GAS_4,Sat-03
400.0,COAL_1,Sat-04
316.0,COAL_2,Sat-04
90.0,DIESEL_1,Sat-04
87.0,DIESEL_2,Sat-04
0.0,DIESEL_3,Sat-04
0.0,DIESEL_4,Sat-04
0.0,GAS_1,Sat-04
0.0,GAS_2,Sat-04
165.0,GAS_3,Sat-04
158.0,GAS_4,Sat-04
400.0,COAL_1,Sat-05
324.0,COAL_2,Sat-05
90.0,DIESEL_1,Sat-05
87.0,DIESEL_2,Sat-05
0.0,DIESEL_3,Sat-05
0.0,DIESEL_4,Sat-05
0.0,GAS_1,Sat-05
0.0,GAS_2,Sat-05
165.0,GAS_3,Sat-05
158.0,GAS_4,Sat-05
400.0,COAL_1,Sat-06
336.0,COAL_2,Sat-06
90.0,DIESEL_1,Sat-06
87.0,DIESEL_2,Sat-06
0.0,DIESEL_3,Sat-06
0.0,DIESEL_4,Sat-06
0.0,GAS_1,Sat-06
0.0,GAS_2,Sat-06
165.0,GAS_3,Sat-06
158.0,GAS_4,Sat-06
400.0,COAL_1,Sat-07
343.0,COAL_2,Sat-07
90.0,DIESEL_1,Sat-07
87.0,DIESEL_2,Sat-07
0.0,DIESEL_3,Sat-07
0.0,DIESEL_4,Sat-07
0.0,GAS_1,Sat-07
0.0,GAS_2,Sat-07
165.0,GAS_3,Sat-07
158.0,GAS_4,Sat-07
400.0,COAL_1,Sat-08
362.0,COAL_2,Sat-08
90.0,DIESEL_1,Sat-08
87.0,DIESEL_2,Sat-08
0.0,DIESEL_3,Sat-08
0.0,DIESEL_4,Sat-08
0.0,GAS_1,Sat-08
0.0,GAS_2,Sat-08
165.0,GAS_3,Sat-08
158.0,GAS_4,Sat-08
400.0,COAL_1,Sat-09
380.0,COAL_2,Sat-09
90.0,DIESEL_1,Sat-09
87.0,DIESEL_2,Sat-09
0.0,DIESEL_3,Sat-09
0.0,DIESEL_4,Sat-09
0.0,GAS_1,Sat-09
0.0,GAS_2,Sat-09
165.0,GAS_3,Sat-09
158.0,GAS_4,Sat-09
400.0,COAL_1,Sat-10
394.0,COAL_2,Sat-10
90.0,DIESEL_1,Sat-10
87.0,DIESEL_2,Sat-10
0.0,DIESEL_3,Sat-10
0.0,DIESEL_4,Sat-10
0.0,GAS_1,Sat-10
0.0,GAS_2,Sat-10
165.0,GAS_3,Sat-10
158.0,GAS_4,Sat-10
400.0,COAL_1,Sat-11
402.0,COAL_2,Sat-11
90.0,DIESEL_1,Sat-11
87.0,DIESEL_2,Sat-11
0.0,DIESEL_3,Sat-11
0.0,DIESEL_4,Sat-11
0.0,GAS_1,Sat-11
0.0,GAS_2,Sat-11
165.0,GAS_3,Sat-11
158.0,GAS_4,Sat-11
400.0,COAL_1,Sat-12
400.0,COAL_2,Sat-12
90.0,DIESEL_1,Sat-12
87.0,DIESEL_2,Sat-12
0.0,DIESEL_3,Sat-12
0.0,DIESEL_4,Sat-12
0.0,GAS_1,Sat-12
0.0,GAS_2,Sat-12
165.0,GAS_3,Sat-12
158.0,GAS_4,Sat-12
400.0,COAL_1,Sat-13
394.0,COAL_2,Sat-13
90.0,DIESEL_1,Sat-13
87.0,DIESEL_2,Sat-13
0.0,DIESEL_3,Sat-13
0.0,DIESEL_4,Sat-13
0.0,GAS_1,Sat-13
0.0,GAS_2,Sat-13
165.0,GAS_3,Sat-13
158.0,GAS_4,Sat-13
400.0,COAL_1,Sat-14
387.0,COAL_2,Sat-14
90.0,DIESEL_1,Sat-14
87.0,DIESEL_2,Sat-14
0.0,DIESEL_3,Sat-14
0.0,DIESEL_4,Sat-14
0.0,GAS_1,Sat-14
0.0,GAS_2,Sat-14
165.0,GAS_3,Sat-14
158.0,GAS_4,Sat-14
400.0,COAL_1,Sat-15
379.0,COAL_2,Sat-15
90.0,DIESEL_1,Sat-15
87.0,DIESEL_2,Sat-15
0.0,DIESEL_3,Sat-15
0.0,DIESEL_4,Sat-15
0.0,GAS_1,Sat-15
0.0,GAS_2,Sat-15
165.0,GAS_3,Sat-15
158.0,GAS_4,Sat-15
400.0,COAL_1,Sat-16
375.0,COAL_2,Sat-16
90.0,DIESEL_1,Sat-16
87.0,DIESEL_2,Sat-16
0.0,DIESEL_3,Sat-16
0.0,DIESEL_4,Sat-16
0.0,GAS_1,Sat-16
0.0,GAS_2,Sat-16
165.0,GAS_3,Sat-16
158.0,GAS_4,Sat-16
400.0,COAL_1,Sat-17
365.0,COAL_2,Sat-17
90.0,DIESEL_1,Sat-17
87.0,DIESEL_2,Sat-17
0.0,DIESEL_3,Sat-17
0.0,DIESEL_4,Sat-17
0.0,GAS_1,Sat-17
0.0,GAS_2,Sat-17
165.0,GAS_3,Sat-17
158.0,GAS_4,Sat-17
400.0,COAL_1,Sat-18
355.0,COAL_2,Sat-18
90.0,DIESEL_1,Sat-18
87.0,DIESEL_2,Sat-18
0.0,DIESEL_3,Sat-18
0.0,DIESEL_4,Sat-18
0.0,GAS_1,Sat-18
0.0,GAS_2,Sat-18
165.0,GAS_3,Sat-18
158.0,GAS_4,Sat-18
400.0,COAL_1,Sat-19
346.0,COAL_2,Sat-19
90.0,DIESEL_1,Sat-19
87.0,DIESEL_2,Sat-19
0.0,DIESEL_3,Sat-19
0.0,DIESEL_4,Sat-19
0.0,GAS_1,Sat-19
0.0,GAS_2,Sat-19
165.0,GAS_3,Sat-19
158.0,GAS_4,Sat-19
400.0,COAL_1,Sat-20
344.0,COAL_2,Sat-20
90.0,DIESEL_1,Sat-20
87.0,DIESEL_2,Sat-20
0.0,DIESEL_3,Sat-20
0.0,DIESEL_4,Sat-20
0.0,GAS_1,Sat-20
0.0,GAS_2,Sat-20
165.0,GAS_3,Sat-20
158.0,GAS_4,Sat-20
400.0,COAL_1,Sat-21
335.0,COAL_2,Sat-21
90.0,DIESEL_1,Sat-21
87.0,DIESEL_2,Sat-21
0.0,DIESEL_3,Sat-21
0.0,DIESEL_4,Sat-21
0.0,GAS_1,Sat-21
0.0,GAS_2,Sat-21
165.0,GAS_3,Sat-21
158.0,GAS_4,Sat-21
400.0,COAL_1,Sat-22
319.0,COAL_2,Sat-22
90.0,DIESEL_1,Sat-22
87.0,DIESEL_2,Sat-22
0.0,DIESEL_3,Sat-22
0.0,DIESEL_4,Sat-22
0.0,GAS_1,Sat-22
0.0,GAS_2,Sat-22
165.0,GAS_3,Sat-22
158.0,GAS_4,Sat-22
400.0,COAL_1,Sat-23
299.0,COAL_2,Sat-23
90.0,DIESEL_1,Sat-23
87.0,DIESEL_2,Sat-23
0.0,DIESEL_3,Sat-23
0.0,DIESEL_4,Sat-23
0.0,GAS_1,Sat-23
0.0,GAS_2,Sat-23
165.0,GAS_3,Sat-23
158.0,GAS_4,Sat-23
400.0,COAL_1,Sun-00
284.0,COAL_2,Sun-00
90.0,DIESEL_1,Sun-00
87.0,DIESEL_2,Sun-00
0.0,DIESEL_3,Sun-00
0.0,DIESEL_4,Sun-00
0.0,GAS_1,Sun-00
0.0,GAS_2,Sun-00
165.0,GAS_3,Sun-00
158.0,GAS_4,Sun-00
400.0,COAL_1,Sun-01
272.0,COAL_2,Sun-01
90.0,DIESEL_1,Sun-01
87.0,DIESEL_2,Sun-01
0.0,DIESEL_3,Sun-01
0.0,DIESEL_4,Sun-01
0.0,GAS_1,Sun-01
0.0,GAS_2,Sun-01
165.0,GAS_3,Sun-01
158.0,GAS_4,Sun-01
400.0,COAL_1,Sun-02
263.0,COAL_2,Sun-02
90.0,DIESEL_1,Sun-02
87.0,DIESEL_2,Sun-02
0.0,DIESEL_3,Sun-02
0.0,DIESEL_4,Sun-02
0.0,GAS_1,Sun-02
0.0,GAS_2,Sun-02
165.0,GAS_3,Sun-02
158.0,GAS_4,Sun-02
400.0,COAL_1,Sun-03
262.0,COAL_2,Sun-03
90.0,DIESEL_1,Sun-03
87.0,DIESEL_2,Sun-03
0.0,DIESEL_3,Sun-03
0.0,DIESEL_4,Sun-03
0.0,GAS_1,Sun-03
0.0,GAS_2,Sun-03
165.0,GAS_3,Sun-03
158.0,GAS_4,Sun-03
400.0,COAL_1,Sun-04
258.0,COAL_2,Sun-04
90.0,DIESEL_1,Sun-04
87.0,DIESEL_2,Sun-04
0.0,DIESEL_3,Sun-04
0.0,DIESEL_4,Sun-04
0.0,GAS_1,Sun-04
0.0,GAS_2,Sun-04
165.0,GAS_3,Sun-04
158.0,GAS_4,Sun-04
400.0,COAL_1,Sun-05
260.0,COAL_2,Sun-05
90.0,DIESEL_1,Sun-05
87.0,DIESEL_2,Sun-05
0.0,DIESEL_3,Sun-05
0.0,DIESEL_4,Sun-05
0.0,GAS_1,Sun-05
0.0,GAS_2,Sun-05
165.0,GAS_3,Sun-05
158.0,GAS_4,Sun-05
400.0,COAL_1,Sun-06
264.0,COAL_2,Sun-06
90.0,DIESEL_1,Sun-06
87.0,DIESEL_2,Sun-06
0.0,DIESEL_3,Sun-06
0.0,DIESEL_4,Sun-06
0.0,GAS_1,Sun-06
0.0,GAS_2,Sun-06
165.0,GAS_3,Sun-06
158.0,GAS_4,Sun-06
400.0,COAL_1,Sun-07
260.0,COAL_2,Sun-07
90.0,DIESEL_1,Sun-07
87.0,DIESEL_2,Sun-07
0.0,DIESEL_3,Sun-07
0.0,DIESEL_4,Sun-07
0.0,GAS_1,Sun-07
0.0,GAS_2,Sun-07
165.0,GAS_3,Sun-07
158.0,GAS_4,Sun-07
400.0,COAL_1,Sun-08
274.0,COAL_2,Sun-08
90.0,DIESEL_1,Sun-08
87.0,DIESEL_2,Sun-08
0.0,DIESEL_3,Sun-08
0.0,DIESEL_4,Sun-08
0.0,GAS_1,Sun-08
0.0,GAS_2,Sun-08
165.0,GAS_3,Sun-08
158.0,GAS_4,Sun-08
400.0,COAL_1,Sun-09
291.0,COAL_2,Sun-09
90.0,DIESEL_1,Sun-09
87.0,DIESEL_2,Sun-09
0.0,DIESEL_3,Sun-09
0.0,DIESEL_4,Sun-09
0.0,GAS_1,Sun-09
0.0,GAS_2,Sun-09
165.0,GAS_3,Sun-09
158.0,GAS_4,Sun-09
400.0,COAL_1,Sun-10
305.0,COAL_2,Sun-10
90.0,DIESEL_1,Sun-10
87.0,DIESEL_2,Sun-10
0.0,DIESEL_3,Sun-10
0.0,DIESEL_4,Sun-10
0.0,GAS_1,Sun-10
0.0,GAS_2,Sun-10
165.0,GAS_3,Sun-10
158.0,GAS_4,Sun-10
400.0,COAL_1,Sun-11
320.0,COAL_2,Sun-11
90.0,DIESEL_1,Sun-11
87.0,DIESEL_2,Sun-11
0.0,DIESEL_3,Sun-11
0.0,DIESEL_4,Sun-11
0.0,GAS_1,Sun-11
0.0,GAS_2,Sun-11
165.0,GAS_3,Sun-11
158.0,GAS_4,Sun-11
400.0,COAL_1,Sun-12
327.0,COAL_2,Sun-12
90.0,DIESEL_1,Sun-12
87.0,DIESEL_2,Sun-12
0.0,DIESEL_3,Sun-12
0.0,DIESEL_4,Sun-12
0.0,GAS_1,Sun-12
0.0,GAS_2,Sun-12
165.0,GAS_3,Sun-12
158.0,GAS_4,Sun-12
400.0,COAL_1,Sun-13
332.0,COAL_2,Sun-13
90.0,DIESEL_1,Sun-13
87.0,DIESEL_2,Sun-13
0.0,DIESEL_3,Sun-13
0.0,DIESEL_4,Sun-13
0.0,GAS_1,Sun-13
0.0,GAS_2,Sun-13
165.0,GAS_3,Sun-13
158.0,GAS_4,Sun-13
400.0,COAL_1,Sun-14
335.0,COAL_2,Sun-14
90.0,DIESEL_1,Sun-14
87.0,DIESEL_2,Sun-14
0.0,DIESEL_3,Sun-14
0.0,DIESEL_4,Sun-14
0.0,GAS_1,Sun-14
0.0,GAS_2,Sun-14
165.0,GAS_3,Sun-14
158.0,GAS_4,Sun-14
400.0,COAL_1,Sun-15
335.0,COAL_2,Sun-15
90.0,DIESEL_1,Sun-15
87.0,DIESEL_2,Sun-15
0.0,DIESEL_3,Sun-15
0.0,DIESEL_4,Sun-15
0.0,GAS_1,Sun-15
0.0,GAS_2,Sun-15
165.0,GAS_3,Sun-15
158.0,GAS_4,Sun-15
400.0,COAL_1,Sun-16
333.0,COAL_2,Sun-16
90.0,DIESEL_1,Sun-16
87.0,DIESEL_2,Sun-16
0.0,DIESEL_3,Sun-16
0.0,DIESEL_4,Sun-16
0.0,GAS_1,Sun-16
0.0,GAS_2,Sun-16
165.0,GAS_3,Sun-16
158.0,GAS_4,Sun-16
400.0,COAL_1,Sun-17
330.0,COAL_2,Sun-17
90.0,DIESEL_1,Sun-17
87.0,DIESEL_2,Sun-17
0.0,DIESEL_3,Sun-17
0.0,DIESEL_4,Sun-17
0.0,GAS_1,Sun-17
0.0,GAS_2,Sun-17
165.0,GAS_3,Sun-17
158.0,GAS_4,Sun-17
400.0,COAL_1,Sun-18
317.0,COAL_2,Sun-18
90.0,DIESEL_1,Sun-18
87.0,DIESEL_2,Sun-18
0.0,DIESEL_3,Sun-18
0.0,DIESEL_4,Sun-18
0.0,GAS_1,Sun-18
0.0,GAS_2,Sun-18
165.0,GAS_3,Sun-18
158.0,GAS_4,Sun-18
400.0,COAL_1,Sun-19
305.0,COAL_2,Sun-19
90.0,DIESEL_1,Sun-19
87.0,DIESEL_2,Sun-19
0.0,DIESEL_3,Sun-19
0.0,DIESEL_4,Sun-19
0.0,GAS_1,Sun-19
0.0,GAS_2,Sun-19
165.0,GAS_3,Sun-19
158.0,GAS_4,Sun-19
400.0,COAL_1,Sun-20
307.0,COAL_2,Sun-20
90.0,DIESEL_1,Sun-20
87.0,DIESEL_2,Sun-20
0.0,DIESEL_3,Sun-20
0.0,DIESEL_4,Sun-20
0.0,GAS_1,Sun-20
0.0,GAS_2,Sun-20
165.0,GAS_3,Sun-20
158.0,GAS_4,Sun-20
400.0,COAL_1,Sun-21
315.0,COAL_2,Sun-21
90.0,DIESEL_1,Sun-21
87.0,DIESEL_2,Sun-21
0.0,DIESEL_3,Sun-21
0.0,DIESEL_4,Sun-21
0.0,GAS_1,Sun-21
0.0,GAS_2,Sun-21
165.0,GAS_3,Sun-21
158.0,GAS_4,Sun-21
400.0,COAL_1,Sun-22
311.0,COAL_2,Sun-22
90.0,DIESEL_1,Sun-22
87.0,DIESEL_2,Sun-22
0.0,DIESEL_3,Sun-22
0.0,DIESEL_4,Sun-22
0.0,GAS_1,Sun-22
0.0,GAS_2,Sun-22
165.0,GAS_3,Sun-22
158.0,GAS_4,Sun-22
400.0,COAL_1,Sun-23
307.0,COAL_2,Sun-23
90.0,DIESEL_1,Sun-23
87.0,DIESEL_2,Sun-23
0.0,DIESEL_3,Sun-23
0.0,DIESEL_4,Sun-23
0.0,GAS_1,Sun-23
0.0,GAS_2,Sun-23
165.0,GAS_3,Sun-23
158.0,GAS_4,Sun-23
